Material,SMILES,Type,PL
BTD1,CC1(C)C2=CC(C3=C(N=S=N4)C4=C(C5=CC=C(C6=CC=CC=C6C7(C)C)C7=C5)C=C3)=CC=C2C8=CC=CC=C81,BTD,533.0
BTD2,CC1(C)C2=CC(C3=C(N=S=N4)C4=C(C5=CC=C(C6=CC=C(C7=CC8=C(C=C7)N(C9=CC=CC=C9)C%10=C8C=CC=C%10)C=C6C%11(C)C)C%11=C5)C=C3)=CC=C2C%12=CC=C(C%13=CC%14=C(C=C%13)N(C%15=CC=CC=C%15)C%16=C%14C=CC=C%16)C=C%121,BTD,540.0
BTD3,CC1(C)C2=C(C=CC(C3=CC(N4C(C=CC=C5)=C5C6=C4C=CC=C6)=CC=C3)=C2)C(C1=C7)=CC=C7C8=CC=C(C9=CC=C(C(C=CC(C%10=CC=CC(N%11C(C=CC=C%12)=C%12C%13=C%11C=CC=C%13)=C%10)=C%14)=C%14C%15(C)C)C%15=C9)C%16=NSN=C%168,BTD,538.0
BTD4,CC1(C)C2=CC(C3=C(N=S=N4)C4=C(C5=CC=C(C6=CC=C(N(C7=CC=CC=C7)C8=CC=CC=C8)C=C6C9(C)C)C9=C5)C=C3)=CC=C2C%10=CC=C(N(C%11=CC=CC=C%11)C%12=CC=CC=C%12)C=C%101,BTD,584.0
BTD5,CC1(C)C2=CC(C3=C(N=S=N4)C4=C(C5=CC=C(C6=CC=C(C7=C(N8C9=CC=CC=C9C%10=C8C=CC=C%10)C=CC=C7)C=C6C%11(C)C)C%11=C5)C=C3)=CC=C2C%12=CC=C(C%13=C(N%14C%15=CC=CC=C%15C%16=C%14C=CC=C%16)C=CC=C%13)C=C%121,BTD,540.0
BTD6,C12=C(C3=CC(OC4=C5C=CC=C4)=C5C=C3)C=CC(C6=CC7=C(C(C=CC=C8)=C8O7)C=C6)=C1N=S=N2,BTD,517.0
BTD7,C12=C(C3=CC4=C(OC5=C4C=CC=C5)C=C3)C=CC(C6=CC(C(C=CC=C7)=C7O8)=C8C=C6)=C1N=S=N2,BTD,513.0
BTD8,CC(C=C1)=CC=C1N(C2=C(N=S=N3)C3=C(N(C4=CC=C(C)C=C4)C5=CC=C(C)C=C5)C=C2)C6=CC=C(C)C=C6,BTD,700.0
BTD9,CC1(C)C2=CC(C3=C(N=S=N4)C4=C(C5=CC=C(C6=CC=C(N(C7=CC=C(C(C)(C)C)C=C7)C8=CC=C(C(C)(C)C)C=C8)C=C6C9(C)C)C9=C5)C=C3)=CC=C2C%10=CC=C(N(C%11=CC=C(C(C)(C)C)C=C%11)C%12=CC=C(C(C)(C)C)C=C%12)C=C%101,BTD,587.0
BTD10,C12=C(C3=CC=C(N(C4=CC=CC=C4)C5=CC=CC=C5)C=C3)C=CC(C6=CC=C(N(C7=CC=CC=C7)C8=CC=CC=C8)C=C6)=C1N=S=N2,BTD,599.0
BTD11,CC1(C)C2=CC(C3=C(N=S=N4)C4=C(C5=CC=C(C6=CC=C(C7=CC=C(N(C8=CC=CC=C8)C9=CC=CC=C9)C=C7)C=C6C%10(C)C)C%10=C5)C=C3)=CC=C2C%11=CC=C(C%12=CC=C(N(C%13=CC=CC=C%13)C%14=CC=CC=C%14)C=C%12)C=C%111,BTD,547.0
BTD12,CC1(C)C2=C(C=CC=C2)C(C1=C3)=CC=C3C4=C(N=S=N5)C5=C(C6=CC7=C(C=C6)N(C8=CC=CC=C8)C9=C7C=CC=C9)C=C4,BTD,548.0
BTD13,C12=C(C3=CC4=C(C=C3)N(C5=CC=CC=C5)C6=C4C=CC=C6)C=CC(C7=CC8=C(C=C7)N(C9=CC=CC=C9)C%10=C8C=CC=C%10)=C1N=S=N2,BTD,560.0
BTD14,C12=C(C3=CC=C(N(C4=CC=CC=C45)C6=C5C=CC=C6)C=C3)C=CC(C7=CC=C(N(C8=CC=CC=C89)C%10=C9C=CC=C%10)C=C7)=C1N=S=N2,BTD,536.0
BTD15,CC1(C)C2=CC(C3=C(N=S=N4)C4=C(C5=CC=C(C6=CC=C(N7C8=CC=CC=C8C9=C7C=CC=C9)C=C6C%10(C)C)C%10=C5)C=C3)=CC=C2C%11=CC=C(N%12C%13=CC=CC=C%13C%14=C%12C=CC=C%14)C=C%111,BTD,540.0
BTD16,CC1(C)C2=C(C=CC(C3=CC=C(N(C4=CC=CC=C4)C5=CC=CC=C5)C=C3)=C2)C(C1=C6)=CC=C6C7=CC=C(C8=CC=C(C(C=CC(C9=CC=C(N(C%10=CC=CC=C%10)C%11=CC=CC=C%11)C=C9)=C%12)=C%12C%13(C)C)C%13=C8)C%14=NSN=C%147,BTD,542.0
BTD17,C12=NSN=C1C(C3=CC=C(C(C=C4)=CC=C4N(C5=CC=CC=C5)C6=CC=CC=C6)S3)=CC=C2C7=CC=C(C(C=C8)=CC=C8N(C9=CC=CC=C9)C%10=CC=CC=C%10)S7,BTD,641.0
BTD18,C12=NSN=C1C(C3=CC=C(C(C=C4)=CC=C4N(C5=CC=CC=C5)C6=CC=CC=C6)S3)=CC=C2C7=CC=C(C(C=C8)=CC=C8N(C9=CC=CC=C9)C%10=CC=CC=C%10)S7,BTD,670.0
BTD19,CC1(C)C2=C(C=CC(C3=CC=C(C4=CC=C(C(C=CC=C5)=C5C6(C)C)C6=C4)C7=NSN=C73)=C2)C(C1=C8)=CC=C8C9=CC=C(C%10=CC=C(C(C=CC=C%11)=C%11C%12(C)C)C%12=C%10)C%13=NSN=C%139,BTD,550.0
BTD20,CC1(C)C2=C(C=CC(C3=CC=C(C4=CC=C(C(C=CC(C5=CC=C(C6=NSN=C56)C(C=C78)=CC=C8C9=C(C7(C)C)C=CC=C9)=C%10)=C%10C%11(C)C)C%11=C4)C%12=NSN=C%123)=C2)C(C1=C%13)=CC=C%13C%14=CC=C(C%15=CC=C(C(C=CC=C%16)=C%16C%17(C)C)C%17=C%15)C%18=NSN=C%18%14,BTD,550.0
BTD21,C12=NSN=C1C(C3=CC=C(N(C4=CC=CC=C4)C5=CC=CC=C5)C=C3)=CC=C2C6=CC=C(N(C7=CC=CC=C7)C8=CC=CC=C8)C=C6,BTD,624.0
BTD22,C12=NSN=C1C(C3=CC=CC4=C3SC5=C4C=CC=C5)=CC=C2C6=CC=CC7=C6SC8=C7C=CC=C8,BTD,501.0
BTD23,C12=NSN=C1C(C3=CC=C(N(C4=CC=CC=C45)C6=C5C=CC=C6)C=C3)=CC=C2C7=CC=C(N(C8=CC=CC=C89)C%10=C9C=CC=C%10)C=C7,BTD,542.0
BTD24,C12=NSN=C1C(C3=CC4=C(C=C3)N(C5=CC=CC=C5)C6=C4C=CC=C6)=CC=C2C7=CC8=C(C=C7)N(C9=CC=CC=C9)C%10=C8C=CC=C%10,BTD,575.0
BTD25,C12=NSN=C1C(C3=CC=CS3)=CC=C2C4=CC=CS4,BTD,565.0
BTD26,COC(C=C1)=CC=C1N(C2=CC=C(OC)C=C2)C(C=C3)=CC=C3C4=CC=C(C5=CC=C(C6=CC=C(C7=CC=C(N(C8=CC=C(OC)C=C8)C9=CC=C(OC)C=C9)C=C7)S6)C%10=NSN=C%105)S4,BTD,710.0
BTD27,C12=NSN=C1C(C3=CC=CC=C3)=CC=C2C4=CC=CC=C4,BTD,488.0
BTD28,C12=NSN=C1C(C3=CC=CC=C3)=CC=C2C4=CC=CC=C4,BTD,487.0
BTD29,C12=NSN=C1C(/C=C/C3=CC=CC=C3)=CC=C2/C=C/C4=CC=CC=C4,BTD,560.0
BTD30,C12=NSN=C1C(C3=C(C=CC=C4)C4=CC=C3)=CC=C2C5=CC=CC6=C5C=CC=C6,BTD,517.0
BTD31,C12=NSN=C1C(C3=C(C=CC=C4)C4=CC=C3)=CC=C2C5=CC=CC6=C5C=CC=C6,BTD,504.0
BTD32,COC(C=C1)=CC=C1C2=CC=C(C3=CC=C(OC)C=C3)C4=NSN=C42,BTD,547.0
BTD33,C12=NSN=C1C(C#CC3=CC=CC=C3)=CC=C2C#CC4=CC=CC=C4,BTD,497.0
BTD34,C12=NSN=C1C(C#CC3=CC=CC4=C3C=CC=C4)=CC=C2C#CC5=C(C=CC=C6)C6=CC=C5,BTD,434.0
BTD35,COC(C=C1)=CC=C1C#CC2=CC=C(C#CC3=CC=C(OC)C=C3)C4=NSN=C42,BTD,542.0
BTD36,CN(C)C(C=C1)=CC=C1C#CC2=CC=C(C#CC3=CC=C(N(C)C)C=C3)C4=NSN=C42,BTD,438.0
BTD37,C12=NSN=C1C(C3=CC=C(/C=C/C4=CC=CC=C4)C=C3)=CC=C2C5=CC=C(/C=C/C6=CC=CC=C6)C=C5,BTD,555.0
BTD38,C12=NSN=C1C(C3=CC=C(/C=C/C=C/C4=CC=CC=C4)C=C3)=CC=C2C5=CC=C(/C=C/C=C/C6=CC=CC=C6)C=C5,BTD,577.0
BTD39,C12=NSN=C1C(C3=CC=C(C4=CC=CC=C4)S3)=CC=C2C5=CC=C(C6=CC=CC=C6)S5,BTD,624.0
BTD40,C12=NSN=C1C(C3=CC=C(/C=C/C4=CC=CC=C4)S3)=CC=C2C5=CC=C(/C=C/C6=CC=CC=C6)S5,BTD,647.0
BTD41,C12=NSN=C1C(C3=CC=C(/C=C/C=C/C4=CC=CC=C4)S3)=CC=C2C5=CC=C(/C=C/C=C/C6=CC=CC=C6)S5,BTD,666.0
BTD42,FC(C=C1)=CC=C1C2=CC=C(C3=CC=C(F)C=C3)C4=NSN=C42,BTD,495.0
BTD43,ClC(C=C1)=CC=C1C2=CC=C(C3=CC=C(Cl)C=C3)C4=NSN=C42,BTD,490.0
BTD44,BrC(C=C1)=CC=C1C2=CC=C(C3=CC=C(Br)C=C3)C4=NSN=C42,BTD,492.0
BTD45,IC(C=C1)=CC=C1C2=CC=C(C3=CC=C(I)C=C3)C4=NSN=C42,BTD,475.0
BTD46,C12=NSN=C1C(C3=CC=C(C4=CC=CS4)C=C3)=CC=C2C5=CC=C(C6=CC=CS6)C=C5,BTD,525.0
BTD47,C12=NSN=C1C(C3=CC=C(C4=CC=CS4)S3)=CC=C2C5=CC=C(C6=CC=CS6)S5,BTD,611.0
BTD48,C12=NSN=C1C(C3=CC4=C(C=CC=C4)S3)=CC=C2C5=CC(C=CC=C6)=C6S5,BTD,548.0
BTD49,C12=NSN=C1C(C3=CC=NC=C3)=CC=C2C4=CC=NC=C4,BTD,437.0
BTD50,C12=NSN=C1C(C3=CC=CC=C3C4=CC=CC=C4)=CC=C2C5=CC=CC=C5C6=CC=CC=C6,BTD,486.0
BTD51,C12=NSN=C1C(C3=CC=CC(C4=CC=CC=C4)=C3)=CC=C2C5=CC=CC(C6=CC=CC=C6)=C5,BTD,479.0
BTD52,C12=NSN=C1C(C3=CC=C(C4=CC=CC=C4)C=C3)=CC=C2C5=CC=C(C6=CC=CC=C6)C=C5,BTD,502.0
BTD53,C12=NSN=C1C(C3=CC=C(C=CC=C4)C4=C3)=CC=C2C5=CC=C(C=CC=C6)C6=C5,BTD,509.0
BTD54,CC(C=C1)=CC=C1C2=CC=C(C3=CC=C(C)C=C3)C4=NSN=C42,BTD,499.0
BTD55,OC(C=C1)=CC=C1C2=CC=C(C3=CC=C(O)C=C3)C4=NSN=C42,BTD,524.0
BTD56,COC(C=C1)=CC=C1C2=CC=C(C3=CC=C(OC)C=C3)C4=NSN=C42,BTD,525.0
BTD57,N#CC(C=C1)=CC=C1C2=CC=C(C3=CC=C(C#N)C=C3)C4=NSN=C42,BTD,457.0
BTD58,FC(C(C=C1)=CC=C1C2=CC=C(C3=CC=C(C(F)(F)F)C=C3)C4=NSN=C42)(F)F,BTD,459.0
BTD59,O=[N+](C(C=C1)=CC=C1C2=CC=C(C3=CC=C([N+]([O-])=O)C=C3)C4=NSN=C42)[O-],BTD,455.0
BTD60,CC(C=C1)=CC=C1/C=C/C2=CC=C(/C=C/C3=CC=C(C)C=C3)C4=NSN=C42,BTD,578.0
BTD61,COC(C=C1)=CC=C1/C=C/C2=CC=C(/C=C/C3=CC=C(OC)C=C3)C4=NSN=C42,BTD,602.0
BTD62,CC(C=C(C)C=C1C)=C1B(C2=C(C)C=C(C)C=C2C)C(C=C3)=CC=C3C4=CC=C(C5=CC=C(B(C6=C(C)C=C(C)C=C6C)C7=C(C)C=C(C)C=C7C)C=C5)C8=NSN=C84,BTD,477.0
BTD63,C[Si](C)(C)C(C=C1)=CC=C1C(C=C2)=CC=C2C3=CC=C(C4=CC=C(C5=CC=C([Si](C)(C)C)C=C5)C=C4)C6=NSN=C63,BTD,516.0
BTD64,C[Si](C)(C)C(S1)=CC=C1C(C=C2)=CC=C2C3=CC=C(C4=CC=C(C5=CC=C([Si](C)(C)C)S5)C=C4)C6=NSN=C63,BTD,540.0
BTD65,C[Si](C)(C)C1=CC=C(C2=CC=C(C3=CC=C(C4=CC=C(C5=CC=C([Si](C)(C)C)C=C5)S4)C6=NSN=C63)S2)C=C1,BTD,620.0
BTD66,C[Si](C)(C)C(S1)=CC=C1C2=CC=C(C3=CC=C(C4=CC=C(C5=CC=C([Si](C)(C)C)S5)S4)C6=NSN=C63)S2,BTD,656.0
BTD67,CN(C)C(C=C1)=CC=C1C2=CC=C(C3=CC=C(N(C)C)C=C3)C4=NSN=C42,BTD,624.0
BTD68,CN(C)C(C=C1)=CC=C1C2=CC=C(C3=CC=C(N(C)C)C=C3)C4=NSN=C42,BTD,680.0
BTD69,C12=NSN=C1C(C3=CC=C(C(C4=CC=CC=C4)C5=C(C=CC=C6)C6=CC=C5)C=C3)=CC=C2C7=CC=C(C(C8=CC=CC9=C8C=CC=C9)C%10=CC=CC=C%10)C=C7,BTD,588.0
BTD70,C12=NSN=C1C(C3=CC=C(C(C4=CC=CC=C4)C5=C(C=CC=C6)C6=CC=C5)C=C3)=CC=C2C7=CC=C(C(C8=CC=CC9=C8C=CC=C9)C%10=CC=CC=C%10)C=C7,BTD,634.0
BTD71,C12=NSN=C1C(C3=CC=C(N(C4=CC=CC=C4)C5=CC(C=CC=C6)=C6C=C5)C=C3)=CC=C2C7=CC=C(N(C8=CC=C(C=CC=C9)C9=C8)C%10=CC=CC=C%10)C=C7,BTD,591.0
BTD72,C12=NSN=C1C(C3=CC=C(N(C4=CC=CC=C4)C5=CC(C=CC=C6)=C6C=C5)C=C3)=CC=C2C7=CC=C(N(C8=CC=C(C=CC=C9)C9=C8)C%10=CC=CC=C%10)C=C7,BTD,646.0
BTD73,C12=NSN=C1C(C3=CC=C(C4=CC=C(N(C5=CC=CC=C5)C6=CC=CC=C6)C=C4)C=C3)=CC=C2C7=CC=C(C8=CC=C(N(C9=CC=CC=C9)C%10=CC=CC=C%10)C=C8)C=C7,BTD,550.0
BTD74,C12=NSN=C1C(C3=CC=C(C4=CC=C(N(C5=CC=CC=C5)C6=CC=CC=C6)C=C4)C=C3)=CC=C2C7=CC=C(C8=CC=C(N(C9=CC=CC=C9)C%10=CC=CC=C%10)C=C8)C=C7,BTD,657.0
BTD75,C12=NSN=C1C(C3=CC=C(C4=CC=C(N(C5=CC=CC=C5)C6=CC=CC=C6)C=C4)S3)=CC=C2C7=CC=C(C8=CC=C(N(C9=CC=CC=C9)C%10=CC=CC=C%10)C=C8)S7,BTD,661.0
BTD76,C12=NSN=C1C(C3=CC=C(C4=CC=C(N(C5=CC=CC=C5)C6=CC=CC=C6)C=C4)S3)=CC=C2C7=CC=C(C8=CC=C(N(C9=CC=CC=C9)C%10=CC=CC=C%10)C=C8)S7,BTD,689.0
BTD77,C12=NSN=C1C(/C=C/C3=CC=C(N(C4=CC=CC=C4)C5=CC=CC=C5)C=C3)=CC=C2/C=C/C6=CC=C(N(C7=CC=CC=C7)C8=CC=CC=C8)C=C6,BTD,661.0
BTD78,C12=NSN=C1C(/C=C/C3=CC=C(N(C4=CC=CC=C4)C5=CC=CC=C5)C=C3)=CC=C2/C=C/C6=CC=C(N(C7=CC=CC=C7)C8=CC=CC=C8)C=C6,BTD,689.0
BTD79,C12=NSN=C1C(C#CC3=CC=C(N(C4=CC=CC=C4)C5=CC=CC=C5)C=C3)=CC=C2C#CC6=CC=C(N(C7=CC=CC=C7)C8=CC=CC=C8)C=C6,BTD,568.0
BTD80,C12=NSN=C1C(C#CC3=CC=C(N(C4=CC=CC=C4)C5=CC=CC=C5)C=C3)=CC=C2C#CC6=CC=C(N(C7=CC=CC=C7)C8=CC=CC=C8)C=C6,BTD,663.0
BTD81,C12=NSN=C1C(C3=CC=C(/C(C4=CC=CC=C4)=C(C5=CC=CC=C5)/C6=CC=CC=C6)C=C3)=CC=C2C7=CC=C(/C(C8=CC=CC=C8)=C(C9=CC=CC=C9)/C%10=CC=CC=C%10)C=C7,BTD,538.0
BTD82,C12=NSN=C1C(C3=CC=C(C4=CC=C(/C(C5=CC=CC=C5)=C(C6=CC=CC=C6)/C7=CC=CC=C7)C=C4)S3)=CC=C2C8=CC=C(S8)C(C=C9)=CC=C9/C(C%10=CC=CC=C%10)=C(C%11=CC=CC=C%11)\C%12=CC=CC=C%12,BTD,623.0
BODIPY1,F[B-]([N+]1=C(C)C(C2=CC=C(CCCCCC)S2)=C(C)C1=C3C)(F)N4C3=C(C)C(C5=CC=C(CCCCCC)S5)=C4C,BODIPY,605.0
BODIPY2,F[B-]([N+]1=C(C)C(CC)=C(C)C1=C2C3=CC=CC=C3)(F)N4C2=C(C)C(CC)=C4C,BODIPY,534.0
BODIPY3,F[B-]([N+]1=C(C)C(CC)=C(C)C1=C2C3=C(C=CC=C4)C4=CC=C3)(F)N5C2=C(C)C(CC)=C5C,BODIPY,544.0
BODIPY4,F[B-](F)(N1C2=C(C(CC)=C1C)C)[N+]3=C(C(CC)=C(C3=C2C4=C5C=CC=CC5=CC6=C4C=CC=C6)C)C,BODIPY,543.0
BODIPY5,F[B-]([N+]1=C(C)C(CC)=C(C)C1=C2C3=C(C=CC4=C5C(C=C6)=CC=C4)C5=C6C=C3)(F)N7C2=C(C)C(CC)=C7C,BODIPY,543.0
BODIPY6,F[B-]([N+]1=C(C)C=C(C)C1=C2C3=CC(C4=CC=C(C(C)(C)C)C=C4)=CC(C5=CC=C(C(C)(C)C)C=C5)=C3)(F)N6C2=C(C)C=C6C,BODIPY,502.0
BODIPY7,F[B-]([N+]1=C(C)C(C2=CC=CC=C2)=C(C)C1=C3CC4=CC=CC=C4)(F)N5C3=C(C)C(C6=CC=CC=C6)=C5C,BODIPY,558.0
BODIPY8,F[B-]([N+]1=C(C)C(C2=CC=CC=C2)=C(C)C1=C3CC4=C(F)C=C(F)C=C4F)(F)N5C3=C(C)C(C6=CC=CC=C6)=C5C,BODIPY,519.0
BODIPY9,F[B-]([N+]1=C(C)C(C2=CC=C(C#N)C=C2)=C(C)C1=C3CC4=CC=CC=C4)(F)N5C3=C(C)C(C6=CC=C(C#N)C=C6)=C5C,BODIPY,555.0
BODIPY10,F[B-]([N+]1=C(C)C=C(C)C1=C2CC3=CC=CC=C3)(F)N4C2=C(C)C=C4C,BODIPY,515.0
BODIPY11,F[B-]([N+]1=C(C)C(C#CC2=CC=CC=C2)=C(C)C1=C3C4=CC=CC=C4)(F)N5C3=C(C)C(C#CC6=CC=CC=C6)=C5C,BODIPY,594.0
BODIPY12,F[B-]([N+]1=C(C)C(C#CC2=CC(C(C=CC=C3)=C3N4CC)=C4C=C2)=C(C)C1=C5C6=CC=CC=C6)(F)N7C5=C(C)C(C#CC8=CC=C(N(CC)C9=C%10C=CC=C9)C%10=C8)=C7C,BODIPY,653.0
BODIPY13,F[B-]([N+]1=C(C)C(C#CC2=CC=C(N(C3=CC=CC=C3)C4=CC=CC=C4)C=C2)=C(C)C1=C5C6=CC=CC=C6)(F)N7C5=C(C)C(C#CC8=CC=C(N(C9=CC=CC=C9)C%10=CC=CC=C%10)C=C8)=C7C,BODIPY,659.0
BODIPY14,F[B-]([N+]1=C(C)C(C2=CC=CS2)=C(C)C1=C3C4=CC=CC=C4)(F)N5C3=C(C)C(C6=CC=CS6)=C5C,BODIPY,609.0
BODIPY15,F[B-]([N+]1=C(C)C(C2=CC=CC=C2)=C(C)C1=C3C4=CC=CC=C4)(F)N5C3=C(C)C(C6=CC=CC=C6)=C5C,BODIPY,556.0
BODIPY16,F[B-]([N+]1=C(C2=CC=CC=C2)C(C3=CC=CC=C3)=C(C4=CC=CC=C4)C1=C5C6=CC=CC=C6)(F)N7C5=C(C8=CC=CC=C8)C(C9=CC=CC=C9)=C7C%10=CC=CC=C%10,BODIPY,604.0
BODIPY17,F[B-]([N+]1=C(C)C(C2=CC=C(N(C3=CC=CC=C3)C4=CC=CC=C4)C=C2)=C(C)C1=C5C)(F)N6C5=C(C)C(C7=CC=C(N(C8=CC=CC=C8)C9=CC=CC=C9)C=C7)=C6C,BODIPY,626.0
BODIPY18,F[B-]([N+]1=C(C)C(C2=CC=C(N(C3=CC=CC=C3)C4=CC=CC=C4)C=C2)=C(C)C1=C5C6=CC=C(N(C7=CC=CC=C7)C8=CC=CC=C8)C=C6)(F)N9C5=C(C)C(C%10=CC=C(N(C%11=CC=CC=C%11)C%12=CC=CC=C%12)C=C%10)=C9C,BODIPY,633.0
BODIPY19,F[B-]([N+]1=C(C)C=C(C)C1=C2C3=CC=C(N(C4=CC=CC=C4)C5=CC=CC=C5)C=C3)(F)N6C2=C(C)C=C6C,BODIPY,520.0
BODIPY20,F[B-]([N+]1=C(C)C(C2=CC=C(N3C4=CC=CC=C4C5=C3C=CC=C5)C=C2)=C(C)C1=C6C7=CC=CC=C7)(F)N8C6=C(C)C(C9=CC=C(N(C%10=CC=CC=C%10%11)C%12=C%11C=CC=C%12)C=C9)=C8C,BODIPY,570.0
BODIPY21,F[B-]([N+]1=C(C)C(C2=CC=C(N3C4=CC=CC=C4C5=C3C=CC=C5)C=C2)=C(C)C1=C6C7=CC=C(N(C8=CC=CC=C8)C9=CC=CC=C9)C=C7)(F)N%10C6=C(C)C(C%11=CC=C(N(C%12=CC=CC=C%12%13)C%14=C%13C=CC=C%14)C=C%11)=C%10C,BODIPY,571.0
BODIPY22,F[B-]([N+]1=C(C)C(C2=CC=C(N3C4=CC=CC=C4SC5=C3C=CC=C5)C=C2)=C(C)C1=C6C)(F)N7C6=C(C)C(C8=CC=C(N(C9=CC=CC=C9S%10)C%11=C%10C=CC=C%11)C=C8)=C7C,BODIPY,620.0
BODIPY23,F[B-]([N+]1=C(C)C(C2=CC(C=C(C)C=C3)=C3S2)=C(C)C1=C4C5=CC=C(C)C=C5)(F)N6C4=C(C)C(C7=CC8=C(C=CC(C)=C8)S7)=C6C,BODIPY,538.0
BODIPY24,F[BH-]([N+]1=C(C)C(C2=CC(C=C(C)C=C3)=C3S2)=C(C)C1=C4C5=CC=CC=C5)N6C4=C(C)C(C7=CC8=C(C=CC(C)=C8)S7)=C6C,BODIPY,539.0
BODIPY25,F[B-]([N+]1=C(C)C(C2=CC=C(C)C=C2)=C(C)C1=C3C)(F)N4C3=C(C)C(C5=CC=C(C)C=C5)=C4C,BODIPY,526.0
BODIPY26,F[B-]([N+]1=C(C)C(C2=C(C)C=C(C)C=C2C)=C(C)C1=C3C4=CC=CC=C4)(F)N5C3=C(C)C(C6=C(C)C=C(C)C=C6C)=C5C,BODIPY,534.0
BODIPY27,F[B-]([N+]1=C(C)C(C2=CC=C(OC)C=C2)=C(C)C1=C3C)(F)N4C3=C(C)C(C5=CC=C(OC)C=C5)=C4C,BODIPY,551.0
BODIPY28,F[B-]([N+]1=C(C2=CC=CC=C2)C=C(C3=CC=C(C(C)(C)C)C=C3)C1=C4C)(F)N5C4=C(C6=CC=C(C(C)(C)C)C=C6)C=C5C7=CC=CC=C7,BODIPY,607.0
BODIPY29,F[B-]([N+]1=C(C2=CC=C(C(C)(C)C)C=C2)C=C(C3=CC=CC=C3)C1=C4C5=C(OC)C=CC=C5)(F)N6C4=C(C7=CC=CC=C7)C=C6C8=CC=C(C(C)(C)C)C=C8,BODIPY,615.0
BODIPY30,F[B-]([N+]1=C(C2=CC=C(C(C)(C)C)C=C2)C=C(C3=CC(C=CC=C4)=C4C=C3)C1=C5C6=C(OC)C=CC=C6)(F)N7C5=C(C8=CC=C(C=CC=C9)C9=C8)C=C7C%10=CC=C(C(C)(C)C)C=C%10,BODIPY,624.0
BODIPY31,F[B-]([N+]1=C(C)C(CC)=C(C)C1=C2C3=CC=C(C#CC(C=C4)=CC=C4N(C5=CC=CC=C5)C6=CC=CC=C6)C=C3)(F)N7C2=C(C)C(CC)=C7C,BODIPY,552.0
BODIPY32,F[B-]([N+]1=C(C)C(CC)=C(C)C1=C2C3=CC=C(C#CC(C=C4)=CC=C4N5C6=CC=CC=C6C7=C5C=CC=C7)C=C3)(F)N8C2=C(C)C(CC)=C8C,BODIPY,551.0
BODIPY33,F[B-]([N+]1=C(C)C(C2=CC=C(N(C3=CC=CC=C3)C4=CC=CC=C4)C=C2)=C(C)C1=C5C6=CC=CC=C6)(F)N7C5=C(C)C(C8=CC=C(N(C9=CC=CC=C9)C%10=CC=CC=C%10)C=C8)=C7C,BODIPY,630.0
BODIPY34,F[B-]([N+]1=C(C)C(C2=CC=C(N(C3=CC=CC=C3)C4=CC=CC=C4)C=C2)=C(C)C1=C5C6=CC=C(C(F)(F)F)C=C6)(F)N7C5=C(C)C(C8=CC=C(N(C9=CC=CC=C9)C%10=CC=CC=C%10)C=C8)=C7C,BODIPY,651.0
BODIPY35,F[B-]([N+]1=C(C)C(C2=CC=C(N(C3=CC=CC=C3)C4=CC=CC=C4)C=C2)=C(C)C1=C5C6=CC(F)=CC(F)=C6)(F)N7C5=C(C)C(C8=CC=C(N(C9=CC=CC=C9)C%10=CC=CC=C%10)C=C8)=C7C,BODIPY,679.0
BODIPY36,F[B-]1(F)OC(/C=C/C2=CC=C(N(C3=CC=CC=C3)C4=CC=CC=C4)C=C2)=C(C(OCC)=O)C(/C=C/C5=CC=C(N(C6=CC=CC=C6)C7=CC=CC=C7)C=C5)=[O+]1,BODIPY,704.0
BODIPY37,F[B-]1(F)OC(/C=C/C2=CC=C(N(C3=C([2H])C([2H])=C([2H])C([2H])=C3[2H])C4=C([2H])C([2H])=C([2H])C([2H])=C4[2H])C=C2)=C(C(OCC)=O)C(/C=C/C5=CC=C(N(C6=C([2H])C([2H])=C([2H])C([2H])=C6[2H])C7=C([2H])C([2H])=C([2H])C([2H])=C7[2H])C=C5)=[O+]1,BODIPY,704.0
BODIPY38,F[B-]1(F)OC(/C=C/C2=CC=C(N(C3=CC=C(C4=CC=C(OC)C=C4)C=C3)C5=CC=C(C6=CC=C(OC)C=C6)C=C5)C=C2)=C(C(OCC)=O)C(/C=C/C7=CC=C(N(C8=CC=C(C9=CC=C(OC)C=C9)C=C8)C%10=CC=C(C%11=CC=C(OC)C=C%11)C=C%10)C=C7)=[O+]1,BODIPY,746.0
BODIPY39,F[B-]1(F)OC(/C=C/C2=CC=C(N(C3=CC=C(C4=CC=C(C#N)C=C4)C=C3)C5=CC=C(C6=CC=C(C#N)C=C6)C=C5)C=C2)=C(C(OCC)=O)C(/C=C/C7=CC=C(N(C8=CC=C(C9=CC=C(C#N)C=C9)C=C8)C%10=CC=C(C%11=CC=C(C#N)C=C%11)C=C%10)C=C7)=[O+]1,BODIPY,711.0
BODIPY40,O=C(OCC)C1=C(/C=C/C2=CC=C(N(C3=CC=CC=C3)C4=CC=CC=C4)C=C2)O[B-](C5=CC=CC=C5)(C6=CC=CC=C6)[O+]=C1/C=C/C7=CC=C(N(C8=CC=CC=C8)C9=CC=CC=C9)C=C7,BODIPY,664.0
BODIPY41,F[B-]1(F)OC(/C=C/C2=CC=C(N(C3=CC(C=CC=C4)=C4C=C3)C5=CC=C(C=CC=C6)C6=C5)C=C2)=C(C(OCC)=O)C(/C=C/C7=CC=C(N(C8=CC=C(C=CC=C9)C9=C8)C%10=CC(C=CC=C%11)=C%11C=C%10)C=C7)=[O+]1,BODIPY,720.0
BODIPY42,F[B-]1(F)OC(/C=C/C2=CC=C(N(C3=CC=C(C)C=C3)C4=CC=C(C)C=C4)C=C2)=C(C(OCC)=O)C(/C=C/C5=CC=C(N(C6=CC=C(C)C=C6)C7=CC=C(C)C=C7)C=C5)=[O+]1,BODIPY,731.0
BODIPY43,F[B-]1(F)OC(/C=C/C2=CC=C(N(C3=CC=CC=C3)C4=CC=CC=C4)C=C2)=C(C5=CC=CC=C5)C(/C=C/C6=CC=C(N(C7=CC=CC=C7)C8=CC=CC=C8)C=C6)=[O+]1,BODIPY,700.0
BODIPY44,F[B-]1(F)OC(/C=C/C2=CC=C(N(C3=CC=C(C4=CC=CC=C4)C=C3)C5=CC=C(C6=CC=CC=C6)C=C5)C=C2)=C(C(OCC)=O)C(/C=C/C7=CC=C(N(C8=CC=C(C9=CC=CC=C9)C=C8)C%10=CC=C(C%11=CC=CC=C%11)C=C%10)C=C7)=[O+]1,BODIPY,731.0
BODIPY45,F[B-]1(F)OC(/C=C/C2=CC=C(N(C3=CC=C(C4=CC=C([Si](C)(C)C)C=C4)C=C3)C5=CC=C(C6=CC=C([Si](C)(C)C)C=C6)C=C5)C=C2)=C(C(OCC)=O)C(/C=C/C7=CC=C(N(C8=CC=C(C9=CC=C([Si](C)(C)C)C=C9)C=C8)C%10=CC=C(C%11=CC=C([Si](C)(C)C)C=C%11)C=C%10)C=C7)=[O+]1,BODIPY,725.0
BODIPY46,F[B-]1(F)OC(/C=C/C2=CC=C(N(C3=CC=C(C4=CC=C(SC(C)C)C=C4)C=C3)C5=CC=C(C6=CC=C(SC(C)C)C=C6)C=C5)C=C2)=C(C(OCC)=O)C(/C=C/C7=CC=C(N(C8=CC=C(C9=CC=C(SC(C)C)C=C9)C=C8)C%10=CC=C(C%11=CC=C(SC(C)C)C=C%11)C=C%10)C=C7)=[O+]1,BODIPY,736.0
BODIPY47,F[B-]1(F)OC(/C=C/C2=CC=C(N(C3=CC=CC=C3)C4=CC=CC=C45)C5=C2)=C(C(OCC)=O)C(/C=C/C6=CC7=C(N(C8=CC=CC=C8)C9=C7C=CC=C9)C=C6)=[O+]1,BODIPY,631.0
BODIPY48,F[B-]1(F)OC(/C=C/C2=CC=C(N(C3=CC=C(C(C)(C)C)C=C3)C4=CC=C(C(C)(C)C)C=C4)C=C2)=C(C(OCC)=O)C(/C=C/C5=CC=C(N(C6=CC=C(C(C)(C)C)C=C6)C7=CC=C(C(C)(C)C)C=C7)C=C5)=[O+]1,BODIPY,728.0
BODIPY49,F[B-]1(F)OC(/C=C/C2=CC=C(N(C3=CC=C(C4=CC=C([Si](C)(C)C)C=C4)C=C3)C5=CC=C(C6=CC=C([Si](C)(C)C)C=C6)C=C5)C=C2)=C(C7=CC=CC=C7)C(/C=C/C8=CC=C(N(C9=CC=C(C%10=CC=C([Si](C)(C)C)C=C%10)C=C9)C%11=CC=C(C%12=CC=C([Si](C)(C)C)C=C%12)C=C%11)C=C8)=[O+]1,BODIPY,718.0
BODIPY50,F[B-]1(F)OC(/C=C/C2=CC=C(N(C3=CC=C(C4=CC=C(OC)C=C4)C=C3)C5=CC=C(C6=CC=C(OC)C=C6)C=C5)C=C2)=C(C7=CC=CC=C7)C(/C=C/C8=CC=C(N(C9=CC=C(C%10=CC=C(OC)C=C%10)C=C9)C%11=CC=C(C%12=CC=C(OC)C=C%12)C=C%11)C=C8)=[O+]1,BODIPY,722.0
BODIPY51,F[B-]1(C(F)(F)F)OC(/C=C/C2=CC=C(N(C3=CC=CC=C3)C4=CC=CC=C4)C=C2)=C(C5=CC=CC=C5)C(/C=C/C6=CC=C(N(C7=CC=CC=C7)C8=CC=CC=C8)C=C6)=[O+]1,BODIPY,713.0
BODIPY52,F[B-]1(F)OC(/C=C/C2=CC=C(N(C3=CC=C(C4=CC(OC)=C(OC)C(OC)=C4)C=C3)C5=CC=C(C6=CC(OC)=C(OC)C(OC)=C6)C=C5)C=C2)=C(C7=CC=CC=C7)C(/C=C/C8=CC=C(N(C9=CC=C(C%10=CC(OC)=C(OC)C(OC)=C%10)C=C9)C%11=CC=C(C%12=CC(OC)=C(OC)C(OC)=C%12)C=C%11)C=C8)=[O+]1,BODIPY,709.0
BODIPY53,F[B-]1(F)OC(/C=C/C2=CC=C(C3=CC=C(N(C4=CC=CC=C4)C5=CC=CC=C5)C=C3)C=C2)=C(C6=CC=CC=C6)C(/C=C/C7=CC=C(C8=CC=C(N(C9=CC=CC=C9)C%10=CC=CC=C%10)C=C8)C=C7)=[O+]1,BODIPY,680.0
BODIPY54,F[B-]1(F)OC(/C=C/C2=CC=C(N(C3=CC=CC=C3)C4=CC=CC=C4)C=C2)=CC(/C=C/C5=CC=C(N(C6=CC=CC=C6)C7=CC=CC=C7)C=C5)=[O+]1,BODIPY,685.0
BODIPY55,F[B-]1(F)OC(/C=C/C2=CC=C(N(C3=CC=CC=C3)C4=CC=CC=C4)C=C2)=C(C5=CC=C(F)C=C5)C(/C=C/C6=CC=C(N(C7=CC=CC=C7)C8=CC=CC=C8)C=C6)=[O+]1,BODIPY,704.0
BODIPY56,F[B-]1(F)OC(/C=C/C2=CC=C(N(C3=CC=CC=C3)C4=CC=CC=C4)C=C2)=C(C5=CC(C=CC=C6)=C6C=C5)C(/C=C/C7=CC=C(N(C8=CC=CC=C8)C9=CC=CC=C9)C=C7)=[O+]1,BODIPY,703.0
BODIPY57,F[B-]1(F)OC(/C=C/C2=CC=C(N(C3=CC=CC=C3)C4=CC=CC=C4)C=C2)=C(C5=CC=C(OC)C=C5)C(/C=C/C6=CC=C(N(C7=CC=CC=C7)C8=CC=CC=C8)C=C6)=[O+]1,BODIPY,700.0
BODIPY58,F[B-]1(F)OC(/C=C/C2=CC=C(N(C3=CC=CC=C3)C4=CC=CC=C4)C=C2)=C(C5=CC=C(C(F)(F)F)C=C5)C(/C=C/C6=CC=C(N(C7=CC=CC=C7)C8=CC=CC=C8)C=C6)=[O+]1,BODIPY,711.0
BODIPY59,F[B-]1(F)OC(/C=C/C2=CC=C(N(C3=CC=CC=C3)C4=CC=CC=C4)C=C2)=C(C5=CC(F)=C(F)C(F)=C5)C(/C=C/C6=CC=C(N(C7=CC=CC=C7)C8=CC=CC=C8)C=C6)=[O+]1,BODIPY,717.0
BODIPY60,F[B-]1(F)OC(/C=C/C2=CC=C(N(C3=CC=CC=C3)C4=CC=CC=C4)C=C2)=C(C5=CC=C(C(OC)=O)C=C5)C(/C=C/C6=CC=C(N(C7=CC=CC=C7)C8=CC=CC=C8)C=C6)=[O+]1,BODIPY,706.0
BODIPY61,F[B-]1(F)OC(/C=C/C2=CC=C(C3=CC=C(N(C4=CC=CC=C4)C5=CC=CC=C5)C=C3)S2)=C(C6=CC=CC=C6)C(/C=C/C7=CC=C(C8=CC=C(N(C9=CC=CC=C9)C%10=CC=CC=C%10)C=C8)S7)=[O+]1,BODIPY,751.0
BODIPY62,F[B-]1(C(F)(F)F)OC(/C=C/C2=CC=C(N(C3=CC=C(C4=CC=C(OC(C)C)C=C4)C=C3)C5=CC=C(C6=CC=C(OC(C)C)C=C6)C=C5)C=C2)=C(C7=CC=CC=C7)C(/C=C/C8=CC=C(N(C9=CC=C(C%10=CC=C(OC(C)C)C=C%10)C=C9)C%11=CC=C(C%12=CC=C(OC(C)C)C=C%12)C=C%11)C=C8)=[O+]1,BODIPY,748.0
BODIPY63,F[B-]1(F)OC(/C=C/C2=CC=C(N(C3=CC=CC=C3)C4=CC=CC=C4)C=C2)=C(C5=CC=C(C)C=C5)C(/C=C/C6=CC=C(N(C7=CC=CC=C7)C8=CC=CC=C8)C=C6)=[O+]1,BODIPY,689.0
BODIPY64,F[B-]1(C(F)(C(F)(F)F)F)OC(/C=C/C2=CC=C(N(C3=CC=CC=C3)C4=CC=CC=C4)C=C2)=C(C5=CC=CC=C5)C(/C=C/C6=CC=C(N(C7=CC=CC=C7)C8=CC=CC=C8)C=C6)=[O+]1,BODIPY,727.0
BODIPY65,F[B-]1(F)OC(/C=C/C2=CC=C(N(C3=CC=CC=C3)C4=CC=CC=C4)C=C2)=C(C5=CC=C([Si](C)(C)C)C=C5)C(/C=C/C6=CC=C(N(C7=CC=CC=C7)C8=CC=CC=C8)C=C6)=[O+]1,BODIPY,705.0
BODIPY66,F[B-]1(F)OC(/C=C/C2=CC=C(N(C3=CC=C(C4=CC=C(N(CC)CC)C=C4)C=C3)C5=CC=C(C6=CC=C(N(CC)CC)C=C6)C=C5)C=C2)=C(C7=CC=CC=C7)C(/C=C/C8=CC=C(N(C9=CC=C(C%10=CC=C(N(CC)CC)C=C%10)C=C9)C%11=CC=C(C%12=CC=C(N(CC)CC)C=C%12)C=C%11)C=C8)=[O+]1,BODIPY,771.0
BODIPY67,F[B-]1(F)OC(/C=C/C2=CC=C(N(C3=CC=CC=C3)C4=CC=CC=C4)C=C2)=C(C5=CC=C([N+]([O-])=O)C=C5)C(/C=C/C6=CC=C(N(C7=CC=CC=C7)C8=CC=CC=C8)C=C6)=[O+]1,BODIPY,720.0
BODIPY68,F[B-]1(F)OC(/C=C/C2=CC=C(C3=CC=C(N(C4=CC=CC=C4)C5=CC=CC=C5)C=C3)O2)=C(C6=CC=CC=C6)C(/C=C/C7=CC=C(C8=CC=C(N(C9=CC=CC=C9)C%10=CC=CC=C%10)C=C8)O7)=[O+]1,BODIPY,764.0
BODIPY69,FC1=C(F)C([B-]2(C3=C(F)C(F)=C(F)C(F)=C3F)OC(/C=C/C4=CC=C(N(C5=CC=CC=C5)C6=CC=CC=C6)C=C4)=C(C7=CC=CC=C7)C(/C=C/C8=CC=C(N(C9=CC=CC=C9)C%10=CC=CC=C%10)C=C8)=[O+]2)=C(F)C(F)=C1F,BODIPY,716.0
BODIPY70,F[B-]1(F)OC(/C=C/C2=C(OC)C=C(N(C3=CC=CC=C3)C4=CC=CC=C4)C=C2)=C(C5=CC=CC=C5)C(/C=C/C6=CC=C(N(C7=CC=CC=C7)C8=CC=CC=C8)C=C6OC)=[O+]1,BODIPY,690.0
BODIPY71,F[B-]1(C(F)(F)F)OC(/C=C/C2=CC=C(N(C3=CC=C(C4=CC=C([Si](C)(C)C)C=C4)C=C3)C5=CC=C(C6=CC=C([Si](C)(C)C)C=C6)C=C5)C=C2)=C(C7=CC=CC=C7)C(/C=C/C8=CC=C(N(C9=CC=C(C%10=CC=C([Si](C)(C)C)C=C%10)C=C9)C%11=CC=C(C%12=CC=C([Si](C)(C)C)C=C%12)C=C%11)C=C8)=[O+]1,BODIPY,754.0
BODIPY72,F[B-]1(C(F)(F)F)OC(/C=C/C2=CC=C(N(C3=CC=C(C(C)(C)C)C=C3)C4=CC=C(C(C)(C)C)C=C4)C=C2)=C(C5=CC=CC=C5)C(/C=C/C6=CC=C(N(C7=CC=C(C(C)(C)C)C=C7)C8=CC=C(C(C)(C)C)C=C8)C=C6)=[O+]1,BODIPY,750.0
BODIPY73,F[B-]1(F)OC(C2=CC=C(C3=CC=C(N(C4=CC=CC=C4)C5=CC=CC=C5)C=C3)S2)=CC(C6=CC=C(C7=CC=C(N(C8=CC=CC=C8)C9=CC=CC=C9)C=C7)S6)=[O+]1,BODIPY,677.0
BODIPY74,F[B-]1(F)OC(/C=C/C2=CC=C(C3=CC=C(N(C4=CC=CC=C4)C5=CC=CC=C5)C=C3)C6=NSN=C26)=C(C7=CC=CC=C7)C(/C=C/C8=CC=C(C9=CC=C(N(C%10=CC=CC=C%10)C%11=CC=CC=C%11)C=C9)C%12=NSN=C%128)=[O+]1,BODIPY,756.0
BODIPY75,F[B-]1(F)OC(/C=C/C2=CC=C(N(C3=CC=C(C(C)(C)C)C=C3)C4=CC=C(C(C)(C)C)C=C4)C=C2)=C(C(C=C5)=CC=C5C6=C(/C=C/C7=CC=C(N(C8=CC=C(C(C)(C)C)C=C8)C9=CC=C(C(C)(C)C)C=C9)C=C7)O[B-](F)(F)[O+]=C6/C=C/C%10=CC=C(N(C%11=CC=C(C(C)(C)C)C=C%11)C%12=CC=C(C(C)(C)C)C=C%12)C=C%10)C(/C=C/C%13=CC=C(N(C%14=CC=C(C(C)(C)C)C=C%14)C%15=CC=C(C(C)(C)C)C=C%15)C=C%13)=[O+]1,BODIPY,723.0
BODIPY76,F[B-]1(C(F)(F)F)OC(/C=C/C2=CC=C(N(C3=CC=C(C4=CC=C(OC)C=C4)C=C3)C5=CC=C(C6=CC=C(OC)C=C6)C=C5)C=C2)=C(C7=CC=C(C(OCC)=O)C=C7)C(/C=C/C8=CC=C(N(C9=CC=C(C%10=CC=C(OC)C=C%10)C=C9)C%11=CC=C(C%12=CC=C(OC)C=C%12)C=C%11)C=C8)=[O+]1,BODIPY,773.0
BODIPY77,F[B-]1(F)OC(/C=C/C2=CC=C(N(C3=CC=CC=C3)C4=CC=CC=C4)C=C2)=C(C5=CC=CC6=NON=C65)C(/C=C/C7=CC=C(N(C8=CC=CC=C8)C9=CC=CC=C9)C=C7)=[O+]1,BODIPY,709.0
BODIPY78,F[B-]1(F)OC(/C=C/C2=CC=C(N(C3=CC=CC=C3)C4=CC=CC=C4)C=C2)=C(C5=CC=CC6=NSN=C65)C(/C=C/C7=CC=C(N(C8=CC=CC=C8)C9=CC=CC=C9)C=C7)=[O+]1,BODIPY,697.0
BODIPY79,F[B-]1(C(F)(F)F)OC(/C=C/C2=CC=C(C3=CC=C(N(C4=CC=C(C(C)(C)C)C=C4)C5=CC=C(C(C)(C)C)C=C5)C=C3)S2)=C(C6=CC=CC=C6)C(/C=C/C7=CC=C(C8=CC=C(N(C9=CC=C(C(C)(C)C)C=C9)C%10=CC=C(C(C)(C)C)C=C%10)C=C8)S7)=[O+]1,BODIPY,797.0
BODIPY80,F[B-]1(F)OC(/C=C/C2=CC=C(N(C3=CC=C(OC)C=C3)C4=CC=C(OC)C=C4)C=C2)=C(C5=CC=CC=C5)C(/C=C/C6=CC=C(N(C7=CC=C(OC)C=C7)C8=CC=C(OC)C=C8)C=C6)=[O+]1,BODIPY,725.0
BODIPY81,F[B-]1(F)OC(/C=C/C2=CC=C(N(C3=CC=C(C(C)(C)C)C=C3)C4=CC=C(C(C)(C)C)C=C4)C=C2)=C(C5=CC=CC=C5)C(/C=C/C6=CC=C(N(C7=CC=C(C(C)(C)C)C=C7)C8=CC=C(C(C)(C)C)C=C8)C=C6)=[O+]1,BODIPY,706.0
BODIPY82,F[B-]1(F)OC(/C=C/C2=CC=C(N(C3=CC=CC=C3)C4=CC=CC=C4)S2)=C(C5=CC=CC=C5)C(/C=C/C6=CC=C(N(C7=CC=CC=C7)C8=CC=CC=C8)S6)=[O+]1,BODIPY,740.0
BODIPY83,F[B-]1(F)OC(/C=C/C2=C(C=CC=C3)C3=C(N(C4=CC=C(C(C)(C)C)C=C4)C5=CC=C(C(C)(C)C)C=C5)C6=C2C=CC=C6)=C(C7=CC=CC=C7)C(/C=C/C8=C(C=CC=C9)C9=C(N(C%10=CC=C(C(C)(C)C)C=C%10)C%11=CC=C(C(C)(C)C)C=C%11)C%12=C8C=CC=C%12)=[O+]1,BODIPY,754.0
BODIPY84,F[B-]1(C(F)(F)F)OC(/C=C/C2=CC=C(N(C3=CC=CC=C3)C4=CC=CC=C4)S2)=C(C5=CC=CC=C5)C(/C=C/C6=CC=C(N(C7=CC=CC=C7)C8=CC=CC=C8)S6)=[O+]1,BODIPY,770.0
BODIPY85,F[B-]1(F)OC(/C=C/C2=CC=C(N(C3=CC=C(C(C)(C)C)C=C3)C4=CC=C(C(C)(C)C)C=C4)C5=C2C=CC=C5)=C(C6=CC=CC=C6)C(/C=C/C7=C(C=CC=C8)C8=C(N(C9=CC=C(C(C)(C)C)C=C9)C%10=CC=C(C(C)(C)C)C=C%10)C=C7)=[O+]1,BODIPY,768.0
BODIPY86,F[B-]1(F)OC(/C=C/C(S2)=CC3=C2C=C(N(C4=CC=C(C(C)(C)C)C=C4)C5=CC=C(C(C)(C)C)C=C5)C=C3)=C(C6=CC=CC=C6)C(/C=C/C(S7)=CC8=C7C=C(N(C9=CC=C(C(C)(C)C)C=C9)C%10=CC=C(C(C)(C)C)C=C%10)C=C8)=[O+]1,BODIPY,783.0
BODIPY87,F[B-]1(F)OC(/C=C/C2=CC=C(N(C3=CC=C(C4=CC=C(C(C)(C)C)C=C4)C=C3)C5=CC=C(C6=CC=C(C(C)(C)C)C=C6)C=C5)C=C2)=C(C7=CC=CC=C7)C(/C=C/C8=CC=C(N(C9=CC=C(C%10=CC=C(C(C)(C)C)C=C%10)C=C9)C%11=CC=C(C%12=CC=C(C(C)(C)C)C=C%12)C=C%11)C=C8)=[O+]1,BODIPY,731.0
BODIPY88,F[B-]1(F)OC(/C=C/C2=CC=C(N(C3=CC=C(CC(C)C)C=C3)C4=CC=C(CC(C)C)C=C4)C=C2)=C(C5=CC=CC=C5)C(/C=C/C6=CC=C(N(C7=CC=C(CC(C)C)C=C7)C8=CC=C(CC(C)C)C=C8)C=C6)=[O+]1,BODIPY,724.0
BODIPY89,F[B-]1(F)OC(/C=C/C2=CC=C(N(C3=CC=C(C(C)(C)C)C=C3)C4=CC=C(C(C)(C)C)C=C4)S2)=C(C5=CC=CC=C5)C(/C=C/C6=CC=C(N(C7=CC=C(C(C)(C)C)C=C7)C8=CC=C(C(C)(C)C)C=C8)S6)=[O+]1,BODIPY,758.0
BODIPY90,F[B-]1(F)OC(/C=C/C2=CC=C(N(C3=CC=C(C(C)(C)C)C=C34)C5=C4C=C(C(C)(C)C)C=C5)S2)=C(C6=CC=CC=C6)C(/C=C/C7=CC=C(N8C9=CC=C(C(C)(C)C)C=C9C%10=C8C=CC(C(C)(C)C)=C%10)S7)=[O+]1,BODIPY,703.0
BODIPY91,F[B-]1(F)OC(/C=C/C2=CC=C(N(C3=CC=C(C(C)(C)C)C=C3)C4=CC=C(C(C)(C)C)C=C4)C=C2)=C(C5=CC=C(C(C)(C)C)C=C5)C(/C=C/C6=CC=C(N(C7=CC=C(C(C)(C)C)C=C7)C8=CC=C(C(C)(C)C)C=C8)C=C6)=[O+]1,BODIPY,720.0
BODIPY92,F[B-]1(F)OC(/C=C/C2=CC=C(N(C3=CC=C(C(C)(C)C)C=C3)C4=CC=C(C(C)(C)C)C=C4)C=C2)=C(C5=CC(C(C)(C)C)=CC(C(C)(C)C)=C5)C(/C=C/C6=CC=C(N(C7=CC=C(C(C)(C)C)C=C7)C8=CC=C(C(C)(C)C)C=C8)C=C6)=[O+]1,BODIPY,717.0
BODIPY93,F[B-]1(F)OC(/C=C/C2=CC=C(N(C3=CC=C(C(C)(C)C)C=C3)C4=CC=C(C(C)(C)C)C=C4)C=C2)=C(C5=CC=CC=C5C6=CC=CC=C6)C(/C=C/C7=CC=C(N(C8=CC=C(C(C)(C)C)C=C8)C9=CC=C(C(C)(C)C)C=C9)C=C7)=[O+]1,BODIPY,716.0
BODIPY94,F[B-]1(F)OC(/C=C/C(O2)=CC3=C2C=C(N(C4=CC=C(C(C)(C)C)C=C4)C5=CC=C(C(C)(C)C)C=C5)C=C3)=C(C6=CC=CC=C6)C(/C=C/C(O7)=CC8=C7C=C(N(C9=CC=C(C(C)(C)C)C=C9)C%10=CC=C(C(C)(C)C)C=C%10)C=C8)=[O+]1,BODIPY,806.0
BODIPY95,F[B-]1(F)OC(/C=C/C(S2)=CC3=C2C=CC=C3N(C4=CC=C(C(C)(C)C)C=C4)C5=CC=C(C(C)(C)C)C=C5)=C(C6=CC=CC=C6)C(/C=C/C(S7)=CC8=C7C=CC=C8N(C9=CC=C(C(C)(C)C)C=C9)C%10=CC=C(C(C)(C)C)C=C%10)=[O+]1,BODIPY,776.0
BODIPY96,F[B-]1(F)OC(/C=C/C(S2)=CC3=C2C=C(C4=CC=C(N(C5=CC=C(C(C)(C)C)C=C5)C6=CC=C(C(C)(C)C)C=C6)C=C4)C=C3)=C(C7=CC=CC=C7)C(/C=C/C(S8)=CC9=C8C=C(C%10=CC=C(N(C%11=CC=C(C(C)(C)C)C=C%11)C%12=CC=C(C(C)(C)C)C=C%12)C=C%10)C=C9)=[O+]1,BODIPY,748.0
BODIPY97,F[B-]1(C(F)(F)F)OC(/C=C/C2=CC=C(N(CC)CC)C=C2)=CC(/C=C/C3=CC=C(N(CC)CC)C=C3)=[O+]1,BODIPY,710.0
1_30,CCCCN1C2=CC=CC=C2C(=O)C2=C1C=C1C(=O)C3=C(C=CC=C3)N(CCCC)C1=C2,quinacridone,538.0
1_31,CCCCN1C2=CC3=C(C=C2C(=O)C2=C1C(C)=CC(C)=C2)N(CCCC)C1=C(C)C=C(C)C=C1C3=O,quinacridone,532.0
C4-DFQA,CCCCN1C2=CC=C(F)C=C2C(=O)C2=C1C=C1C(=O)C3=C(C=CC(F)=C3)N(CCCC)C1=C2,quinacridone,535.0
IDQA,CCCCCCCCN1C2=CC3=C(C=C2C(=O)C2=C1C=CC1=C2C2=C(C=CC=C2)N1CCCCCCC)N(CCCCCCC)C1=CC=C2N(CCCCCCC)C4=C(C=CC=C4)C2=C1C3=O,quinacridone,568.0
DOBNA,O1C2=CC=CC3=C2B(C2=C1C=CC=C2)C1=C(O3)C=CC=C1,DABNA,398.0
5_2,O1C2=CC=CC3=C2B(C2=C1C=CC(=C2)C1=CC=CC=C1)C1=C(O3)C=CC(=C1)C1=CC=CC=C1,DABNA,410.0
5_3,O1C2=CC=CC3=C2B(C2=C1C=C(C=C2)C1=CC=CC=C1)C1=C(O3)C=C(C=C1)C1=CC=CC=C1,DABNA,410.0
5_4,O1C2=C(C=CC=C2)B2C3=C(OC4=C(C=C(C5=CC=CC=C5)C1=C24)C1=CC=CC=C1)C=CC=C3,DABNA,436.0
DABNA1,C1=CC=C(C=C1)N1C2=CC=CC3=C2B(C2=C1C=CC=C2)C1=C(C=CC=C1)N3C1=CC=CC=C1,DABNA,462.0
DABNA2,C1=CC=C(C=C1)N(C1=CC=CC=C1)C1=CC2=C(C=C1)B1C3=C(C=C(C=C3)C3=CC=CC=C3)N(C3=CC=CC(=C3)C3=CC=CC=C3)C3=C1C(=CC=C3)N2C1=CC=CC=C1,DABNA,470.0
nu-DABNA,C1=CC=C(C=C1)N(C1=CC=CC=C1)C1=CC2=C3B(C4=CC5=C(C=C4N2C2=CC=CC=C2)N(C2=CC=CC=C2)C2=CC(=CC4=C2B5C2=C(C=CC=C2)N4C2=CC=CC=C2)N(C2=CC=CC=C2)C2=CC=CC=C2)C2=C(C=CC=C2)N(C2=CC=CC=C2)C3=C1,DABNA,468.0
TBN-TPA,CC(C)(C)C1=CC=C(C=C1)N1C2=CC(=CC3=C2B(C2=C1C=CC(=C2)C(C)(C)C)C1=C(C=CC(=C1)C(C)(C)C)N3C1=CC=C(C=C1)C(C)(C)C)N1C2=C(C=C(C=C2)C(C)(C)C)C2=C1C=CC(=C2)C(C)(C)C,DABNA,470.0
DtBuCzB,CC(C)(C)C1=CC=C2N3C4=C(C=C(C=C4C2=C1)C(C)(C)C)B1C2=C4N(C5=C(C=C(C=C5)C(C)(C)C)C4=CC(=C2)C(C)(C)C)C2=CC=CC3=C12,DABNA,481.0
5_18,CC(C)(C)C1=CC=C(C=C1)C1=CC=C2N3C4=C(C=C(C=C4C2=C1)C1=CC=C(C=C1)C(C)(C)C)B1C2=C4N(C5=C(C=C(C=C5)C5=CC=C(C=C5)C(C)(C)C)C4=CC(=C2)C2=CC=C(C=C2)C(C)(C)C)C2=CC=CC3=C12,DABNA,496.0
5_19,CC(C)(C)C1=CC=C2N3C4=C(C=C(C=C4C2=C1)C(C)(C)C)B1C2=C4N(C5=C(C=C(C=C5)C(C)(C)C)C4=CC(=C2)C(C)(C)C)C2=CC(=CC3=C12)N1C2=C(C=C(C=C2)C(C)(C)C)C2=C1C=CC(=C2)C(C)(C)C,DABNA,466.0
5_31,CC1=CC=C(C=C1)N(C1=CC=C(C)C=C1)C1=CC2=C3B(C4=C(C=CC(C)=C4)N(C4=CC=C(C)C=C4)C3=C1)C1=C(C=CC(C)=C1)N2C1=CC=C(C)C=C1,DABNA,460.0
Anth1,C12=CC=CC=C1C(N(C3=CC=CC=C3)C4=CC=CC=C4)=C5C(C=CC=C5)=C2N(C6=CC=CC=C6)C7=CC=CC=C7,Hydrocarbon,510.0
Anth2,C12=CC=CC=C1C(N3C4=CC=CC=C4CCC5=C3C=CC=C5)=C6C(C=CC=C6)=C2N7C8=CC=CC=C8CCC9=C7C=CC=C9,Hydrocarbon,525.0
Anth3,C12=CC=CC=C1C(N3C4=CC=CC=C4CC5=C3C=CC=C5)=C6C(C=CC=C6)=C2N7C8=CC=CC=C8CC9=C7C=CC=C9,Hydrocarbon,553.0
Anth5,C1(N(C2=CC=CC=C2)C3=CC=CC=C3)=CC=C4C(C(C5=CC=CC=C5)=C(C=CC(N(C6=CC=CC=C6)C7=CC=CC=C7)=C8)C8=C4C9=CC=CC=C9)=C1,Hydrocarbon,506.0
Anth6,C12=CC=CC=C1C(C3=CC=C(N(C4=CC=CC=C4)C5=CC=CC=C5)C=C3)=C6C(C=CC=C6)=C2C7=CC=C(N(C8=CC=CC=C8)C9=CC=CC=C9)C=C7,Hydrocarbon,468.0
TBSA,CC(C)(C)C1=CC2=C(C=C1)C1=C(C=C(C=C1)C(C)(C)C)C21C2=C(C=CC=C2)C2=C1C=C(C=C2)C1=C2C=CC=CC2=C(C2=CC3=C(C=C2)C2=C(C=CC=C2)C32C3=C(C=CC(=C3)C(C)(C)C)C3=C2C=C(C=C3)C(C)(C)C)C2=C1C=CC=C2,Hydrocarbon,443.0
BNDA,CC1=CC(=C(C)C=C1C1=CC2=C(C=CC=C2)C=C1)C1=C2C=CC=CC2=C(C2=C(C)C=C(C(C)=C2)C2=CC3=C(C=CC=C3)C=C2)C2=C1C=CC=C2,Hydrocarbon,408.0
BDPA,CC1=CC(=C(C)C=C1C1=CC=CC=C1)C1=C2C=CC=CC2=C(C2=C(C)C=C(C(C)=C2)C2=CC=CC=C2)C2=C1C=CC=C2,Hydrocarbon,411.0
Pyrene1,C1(N(C2=CC=CC=C2)C3=CC=CC=C3)=CC=C4C5=C1C=CC6=CC=C(N(C7=CC=CC=C7)C8=CC=CC=C8)C(C=C4)=C56,Hydrocarbon,472.0
Pyrene2,FC(C=C1)=CC=C1N(C2=CC=CC=C2)C3=CC=C4C5=C3C=CC6=CC=C(N(C7=CC=CC=C7)C8=CC=C(F)C=C8)C(C=C4)=C56,Hydrocarbon,470.0
Pyrene3,N#CC(C=C1)=CC=C1N(C2=CC=CC=C2)C3=CC=C4C5=C3C=CC6=CC=C(N(C7=CC=CC=C7)C8=CC=C(C#N)C=C8)C(C=C4)=C56,Hydrocarbon,454.0
Pyrene4,CC(C=C1)=CC=C1N(C2=CC=CC=C2)C3=CC=C4C5=C3C=CC6=CC=C(N(C7=CC=CC=C7)C8=CC=C(C)C=C8)C(C=C4)=C56,Hydrocarbon,484.0
Pyrene5,CC(C)(C)C(C=C1)=CC=C1N(C2=CC=CC=C2)C3=CC=C4C=CC5=C(C4=C3C=C6)C6=CC=C5N(C7=CC=CC=C7)C8=CC=C(C(C)(C)C)C=C8,Hydrocarbon,481.0
Pyrene6,COC(C=C1)=CC=C1N(C2=CC=CC=C2)C3=CC=C4C5=C3C=CC6=CC=C(N(C7=CC=CC=C7)C8=CC=C(OC)C=C8)C(C=C4)=C56,Hydrocarbon,513.0
Pyrene7,C1(N(C2=CC=CC=C2)C3=CC=C(N(C4=CC=CC=C4)C5=CC=CC=C5)C=C3)=CC=C6C7=C1C=CC8=CC=C(N(C9=CC=CC=C9)C%10=CC=C(N(C%11=CC=CC=C%11)C%12=CC=CC=C%12)C=C%10)C(C=C6)=C78,Hydrocarbon,600.0
2Me-TPPDA,CC1=C(C=CC=C1)N(C1=CC=C2C=CC3=C4C(C=CC1=C24)=CC=C3N(C1=C(C)C=CC=C1)C1=C(C)C=CC=C1)C1=C(C)C=CC=C1,Hydrocarbon,452.0
1Me-1BuTPPDA,CC1=C(C=CC=C1)N(C1=CC=C(C=C1)C(C)(C)C)C1=CC=C2C=CC3=C4C(C=CC1=C24)=CC=C3N(C1=CC=C(C=C1)C(C)(C)C)C1=C(C)C=CC=C1,Hydrocarbon,462.0
BPPyA,CC1=CC(N(C2=C3OC4=C(C=CC=C4)C3=CC=C2)C2=CC=C3C=CC4=C5C(C=CC2=C35)=CC=C4N(C2=C3OC4=C(C=CC=C4)C3=CC=C2)C2=C(C)C=CC(C)=C2)=C(C)C=C1,Hydrocarbon,458.0
1_2,C1=CC=C(C=C1)C1=CC2=CC3=CC=CC4=C3C3=C2C2=C1C=CC=C2C=C3C=C4C1=CC=CC=C1,Hydrocarbon,442.0
DBP,C1=CC=C(C=C1)C1=C2C=CC=CC2=C(C2=C1C1=CC=C3C4=CC=C5C6=C(C=CC(C7=CC=C2C1=C37)=C46)C1=C5C(C2=CC=CC=C2)=C2C=CC=CC2=C1C1=CC=CC=C1)C1=CC=CC=C1,Hydrocarbon,603.0
BD-6DPA,C1=CC=C(C=C1)N(C1=CC=CC=C1)C1=CC2=C(C=C1)C1=C(C=C(N(C3=CC=CC=C3)C3=CC=CC=C3)C3=C1C=CC=C3)C21C2=CC=CC=C2C2=C1C=CC=C2,Hydrocarbon,478.0
BD-6NPA,C1=CC=C(C=C1)N(C1=CC2=C(C=C1)C1=C(C=C(N(C3=CC=CC=C3)C3=CC4=C(C=CC=C4)C=C3)C3=C1C=CC=C3)C21C2=CC=CC=C2C2=C1C=CC=C2)C1=CC2=C(C=CC=C2)C=C1,Hydrocarbon,464.0
BD-6MDPA,CC1=CC(=CC=C1)N(C1=CC=CC=C1)C1=CC2=C(C=C1)C1=C(C=C(N(C3=CC=CC=C3)C3=CC=CC(C)=C3)C3=C1C=CC=C3)C21C2=CC=CC=C2C2=C1C=CC=C2,Hydrocarbon,468.0
BD-6TMSA,C[Si](C)(C)C1=CC=C(C=C1)N(C1=CC=CC=C1)C1=CC2=C(C=C1)C1=C(C=C(N(C3=CC=CC=C3)C3=CC=C(C=C3)[Si](C)(C)C)C3=C1C=CC=C3)C21C2=CC=CC=C2C2=C1C=CC=C2,Hydrocarbon,459.0
DSX-IF,O1C2=C(C=CC=C2)C2(C3=CC4=C(C=C3C3=C2C=CC=C3)C2(C3=CC=CC=C43)C3=C(OC4=C2C=CC=C4)C=CC=C3)C2=C1C=CC=C2,Hydrocarbon,347.0
Chr1,C1(C2=CC(C3=CC=CC=C3)=CC(C4=CC=CC=C4)=C2)=C(C=CC5=C6C=CC7=C5C=CC=C7C8=CC(C9=CC=CC=C9)=CC(C%10=CC=CC=C%10)=C8)C6=CC=C1,Hydrocarbon,400.0
Chr2,C12=CC=CC=C1C3=C(C(C=CC=C4)=C4C(C5=CC=C(C6=CC(C7=CC=CC=C7)=CC(C8=CC=CC=C8)=C6)C=C5)=C3)C=C2C9=CC=C(C%10=CC(C%11=CC=CC=C%11)=CC(C%12=CC=CC=C%12)=C%10)C=C9,Hydrocarbon,415.0
Chr3,C12=CC=CC=C1C3=C(C(C=CC=C4)=C4C(N(C5=CC=CC=C5)C6=CC=CC=C6)=C3)C=C2N(C7=CC=CC=C7)C8=CC=CC=C8,Hydrocarbon,455.0
Chr4,C12=CC=CC=C1C3=C(C(C=CC=C4)=C4C(C5=CC=C(N(C6=CC=CC=C6)C7=CC=CC=C7)C=C5)=C3)C=C2C8=CC=C(N(C9=CC=CC=C9)C%10=CC=CC=C%10)C=C8,Hydrocarbon,450.0
Quino1,C12=NC=CN=C1C(C3=CC=C(N(C4=CC=CC=C4)C5=CC=CC=C5)C=C3)=CC=C2C6=CC=C(N(C7=CC=CC=C7)C8=CC=CC=C8)C=C6,Quinoxaline,544.0
Quino2,C12=NC=CN=C1C(C3=CC=C(N(C4=CC=CC=C4)C5=CC=CC=C5)C=C3)=C6C(C=CC=C6)=C2C7=CC=C(N(C8=CC=CC=C8)C9=CC=CC=C9)C=C7,Quinoxaline,575.0
Quino3,C1(C=CC=C2)=C2N=C(C(C3=CC=C(N(C4=CC=CC=C4)C5=CC=CC=C5)C=C3)=CC=C6C7=CC=C(N(C8=CC=CC=C8)C9=CC=CC=C9)C=C7)C6=N1,Quinoxaline,627.0
Quino4,CCN1C2=C(C=CC=C2)C3=C1C=CC(C4=CC=C(C5=CC=C(N(CC)C6=C7C=CC=C6)C7=C5)C8=NC=CN=C84)=C3,Quinoxaline,540.0
Quino5,C12=NC=CN=C1C(C3=CC=CS3)=CC=C2C4=CC=CS4,Quinoxaline,550.0
Quino6,CCN1C2=C(C=CC=C2)C3=C1C=CC(C(S4)=CC=C4C5=CC=C(C6=CC=C(C7=CC(C(C=CC=C8)=C8N9CC)=C9C=C7)S6)C%10=NC=CN=C%105)=C3,Quinoxaline,640.0
Quino7,CCN1C2=C(C=CC=C2)C3=C1C=CC(/C=C/C(S4)=CC=C4C5=CC=C(C6=CC=C(/C=C/C7=CC(C(C=CC=C8)=C8N9CC)=C9C=C7)S6)C%10=NC=CN=C%105)=C3,Quinoxaline,570.0
Quino8,CC(C1=C2C=CC=C1)(C)C3=C(C=CC=C3)N2C4=CC=C(N5C(C=CC=C6)=C6C(C)(C)C7=C5C=CC=C7)C8=NC(C9=CC=CC=C9)=C(C%10=CC=CC=C%10)N=C84,Quinoxaline,603.0
Quino9,CC(C)(C)C(C=C1)=CC2=C1N(C3=C2C=C(C(C)(C)C)C=C3)C4=CC=C(N5C6=C(C7=C5C=CC(C(C)(C)C)=C7)C=C(C(C)(C)C)C=C6)C8=NC(C9=CC=CC=C9)=C(C%10=CC=CC=C%10)N=C84,Quinoxaline,557.0
Quino10,C1(C2=CC=CC=C2)=C(C3=CC=CC=C3)N=C(C(N4C5=C(C6=C4C=CC=C6)C=CC=C5)=CC=C7N8C9=C(C%10=C8C=CC=C%10)C=CC=C9)C7=N1,Quinoxaline,537.0
Quino11,C1(C2=CC=CC=C2)=C(C3=CC=CC=C3)N=C(C(C4=CC=C(N5C6=CC=CC=C6C7=C5C=CC=C7)C=C4)=CC=C8C9=CC=C(N%10C%11=CC=CC=C%11C%12=C%10C=CC=C%12)C=C9)C8=N1,Quinoxaline,502.0
Quino12,C1(C2=CC=CC=C2)=C(C3=CC=CC=C3)N=C(C=CC(C4=CC=C(N(C5=CC=CC=C5)C6=CC=CC=C6)C=C4)=C7)C7=N1,Quinoxaline,575.0
Quino13,C1(C2=C3C(C=CC=C34)=CC=C2)=C4N=C(C=CC(C5=CC=C(N(C6=CC=CC=C6)C7=CC=CC=C7)C=C5)=C8)C8=N1,Quinoxaline,575.0
Quino14,C1(C(C=CC=C2)=C2C3=C4C=CC=C3)=C4N=C(C=CC(C5=CC=C(N(C6=CC=CC=C6)C7=CC=CC=C7)C=C5)=C8)C8=N1,Quinoxaline,540.0
Quino15,C1(C2=C3C4=C5C=CC=C4C=CC3=CC=C2)=C5N=C(C=CC(C6=CC=C(N(C7=CC=CC=C7)C8=CC=CC=C8)C=C6)=C9)C9=N1,Quinoxaline,525.0
Quino16,CC1(C)C2=CC(C3=C(N=CC=N4)C4=C(C5=CC=C(C6=CC=CC=C6C7(C)C)C7=C5)C=C3)=CC=C2C8=CC=CC=C81,Quinoxaline,486.0
BBTD1,CC(C)OC(C=C1)=CC=C1C2=C3C(N=S=N3)=C(C4=CC=C(OC(C)C)C=C4)C5=NSN=C52,BBTD,768.0
BBTD2,CC(C)SC(C=C1)=CC=C1C2=C3C(N=S=N3)=C(C4=CC=C(SC(C)C)C=C4)C5=NSN=C52,BBTD,769.0
BBTD3,CC(C1=C2C=CC=C1)(C)C3=C2C=CC(C4=C(N=S=N5)C5=C(C6=CC=C(C(C=CC=C7)=C7C8(C)C)C8=C6)C9=NSN=C94)=C3,BBTD,765.0
BBTD4,C12=NSN=C1C(C3=CC=C(OC4=CC=CC=C4)C=C3)=C(N=S=N5)C5=C2C6=CC=C(OC7=CC=CC=C7)C=C6,BBTD,728.0
BBTD5,C12=NSN=C1C(C3=CC=C(N(C4=CC=CC=C4)C5=CC=CC=C5)C=C3)=C(N=S=N6)C6=C2C7=CC=C(N(C8=CC=CC=C8)C9=CC=CC=C9)C=C7,BBTD,850.0
BBTD6,C12=NSN=C1C(C3=CC4=C(C=C3)C5=C(C=CC=C5)O4)=C(N=S=N6)C6=C2C(C=C7)=CC8=C7C(C=CC=C9)=C9O8,BBTD,740.0
BBTD7,C12=NSN=C1C(C3=CC=C(C=C3)N4C5=C(C6=C4C=CC=C6)C=CC=C5)=C(N=S=N7)C7=C2C8=CC=C(N9C(C=CC=C%10)=C%10C%11=C9C=CC=C%11)C=C8,BBTD,762.0
BBTD8,C12=NSN=C1C(C(C=C3)=CC4=C3OC5=C4C=CC=C5)=C(N=S=N6)C6=C2C(C=C7)=CC8=C7OC9=C8C=CC=C9,BBTD,727.0
BBTD9,C12=NSN=C1C(C(C=C3)=CC4=C3N(C5=CC=CC=C5)C6=C4C=CC=C6)=C(N=S=N7)C7=C2C(C=C8)=CC9=C8N(C%10=CC=CC=C%10)C%11=C9C=CC=C%11,BBTD,809.0
BBTD10,CC(C1=C2C=CC(N(C3=CC=CC=C3)C4=CC=CC=C4)=C1)(C)C5=C2C=CC(C6=C(N=S=N7)C7=C(C8=CC=C(C(C=CC(N(C9=CC=CC=C9)C%10=CC=CC=C%10)=C%11)=C%11C%12(C)C)C%12=C8)C%13=NSN=C%136)=C5,BBTD,780.0
BBTD11,CC(C1=C2C=CC(N(C3=CC=CC=C3)C4=CC=CC=C4)=C1)(C)C5=C2C=CC(C6=C(N=S=N7)C7=C(C8=CC=C(C(C=CC(N(C9=CC=CC=C9)C%10=CC=CC=C%10)=C%11)=C%11C%12(C)C)C%12=C8)C%13=NSN=C%136)=C5,BBTD,818.0
